Cpu usado (%),Mem√≥ria usada (MiB)
24.225,38.9375
24.725,54.03515625
24.975,54.03515625
25.225,54.17578125
24.975,54.17578125
24.975,54.43359375
24.975,54.43359375
25.25,54.69140625
24.725,54.69140625
24.975,54.94921875
25.225,54.94921875
24.975,55.20703125
24.975,55.20703125
24.975,55.20703125
24.975,55.46484375
24.975,55.46484375
24.975,55.72265625
24.975,55.98046875
24.975,55.98046875
25.225,56.23828125
24.975,56.23828125
24.975,56.23828125
25.0,56.49609375
24.975,56.49609375
24.975,56.75390625
24.975,56.75390625
24.975,57.01171875
25.225,57.01171875
24.975,57.01171875
24.975,57.26953125
24.975,57.26953125
24.975,57.52734375
24.975,57.52734375
24.975,57.78515625
25.225,57.78515625
24.975,57.78515625
24.975,58.04296875
24.975,58.04296875
24.975,58.30078125
24.975,58.30078125
25.225,58.55859375
24.975,58.55859375
24.975,58.55859375
24.975,58.81640625
24.975,58.81640625
24.975,59.07421875
24.975,59.07421875
24.975,59.33203125
24.975,59.33203125
24.975,59.58984375
25.0,59.58984375
24.975,59.58984375
25.0,59.84765625
25.225,59.84765625
24.975,59.84765625
24.975,60.10546875
24.975,60.10546875
24.975,60.36328125
24.975,60.36328125
24.975,60.62109375
25.225,60.62109375
24.975,60.62109375
24.975,60.87890625
25.0,60.87890625
24.975,61.13671875
24.975,61.13671875
24.975,61.39453125
24.975,61.39453125
24.975,61.65234375
25.225,61.65234375
24.975,61.65234375
24.725,61.91015625
25.25,61.91015625
24.975,62.16796875
24.975,62.16796875
25.225,62.42578125
24.725,62.42578125
24.975,62.68359375
24.975,62.68359375
25.225,62.68359375
25.0,65.54296875
24.975,67.78125
24.975,67.78125
24.975,67.78125
24.975,67.78125
24.975,67.78125
24.975,67.78125
25.225,67.78125
24.975,68.0390625
24.975,68.0390625
24.975,68.296875
25.225,68.296875
24.975,68.296875
24.975,68.5546875
24.975,68.5546875
24.975,68.8125
24.975,68.8125
24.975,69.0703125
24.975,69.0703125
24.975,69.0703125
25.225,69.328125
24.975,69.328125
24.975,69.5859375
24.975,69.5859375
24.975,69.84375
24.975,69.84375
24.975,69.84375
25.0,70.1015625
24.975,70.1015625
24.975,70.359375
25.0,70.359375
24.975,70.6171875
24.975,70.6171875
25.225,70.6171875
24.975,70.875
24.975,70.875
24.975,70.875
24.975,71.1328125
24.975,71.1328125
25.225,71.390625
24.975,71.390625
24.725,71.6484375
24.975,71.6484375
24.975,71.90625
24.975,71.90625
24.975,71.90625
25.0,72.1640625
24.975,72.1640625
24.975,72.421875
24.975,72.421875
24.975,72.421875
24.975,72.6796875
25.225,72.6796875
24.975,72.9375
24.975,72.9375
24.975,73.1953125
24.975,73.1953125
24.975,73.1953125
24.975,73.453125
24.975,73.453125
24.975,73.7109375
25.225,73.7109375
24.975,73.96875
24.975,73.96875
24.975,73.96875
24.975,74.7421875
24.975,74.7421875
25.225,74.7421875
24.975,74.7421875
24.975,74.7421875
24.975,74.7421875
24.975,74.7421875
25.225,75.0
24.725,75.0
25.0,75.2578125
24.975,75.2578125
25.225,75.2578125
24.975,75.515625
24.975,75.515625
24.975,75.7734375
25.225,75.7734375
24.975,76.03125
24.725,76.03125
25.225,76.03125
24.975,76.2890625
24.975,76.2890625
24.975,76.546875
24.975,76.546875
24.975,76.8046875
25.0,76.8046875
25.225,77.0625
24.975,77.0625
24.975,77.0625
24.975,77.3203125
24.975,77.3203125
24.975,77.578125
24.975,77.578125
24.975,77.578125
25.225,77.8359375
24.975,77.8359375
24.975,78.09375
24.975,78.09375
24.975,78.09375
24.975,78.3515625
24.975,78.3515625
24.975,78.609375
24.975,78.609375
24.975,78.609375
24.975,78.8671875
25.225,78.8671875
25.225,79.125
24.725,79.125
24.975,79.3828125
24.975,79.3828125
24.725,79.3828125
24.975,79.640625
25.225,79.640625
24.975,79.8984375
24.975,79.8984375
25.225,79.8984375
24.975,80.15625
24.975,80.15625
24.975,80.4140625
24.975,80.671875
24.975,80.9296875
25.0,80.9296875
24.975,80.9296875
24.975,80.9296875
24.975,80.9296875
25.225,80.9296875
25.0,81.1875
24.975,81.1875
24.975,81.4453125
25.0,81.4453125
24.975,81.703125
24.975,81.703125
25.225,81.703125
24.975,81.9609375
25.0,81.9609375
24.975,82.21875
25.0,82.21875
24.975,82.21875
25.0,82.4765625
24.975,82.4765625
24.975,82.734375
24.975,82.734375
24.975,82.734375
24.975,82.9921875
24.975,82.9921875
24.975,83.25
24.975,83.25
24.975,83.25
24.975,83.5078125
24.975,83.5078125
24.975,83.765625
25.225,83.765625
24.975,84.0234375
24.975,84.0234375
24.975,84.0234375
25.0,84.28125
24.975,84.28125
24.975,84.5390625
25.0,84.5390625
24.975,84.5390625
24.975,84.796875
24.975,84.796875
24.975,85.0546875
24.975,85.0546875
25.225,85.3125
24.975,85.3125
24.975,85.3125
24.975,85.5703125
24.975,85.5703125
24.975,85.828125
25.225,85.828125
24.975,85.828125
24.975,86.0859375
24.975,86.0859375
24.975,86.34375
24.975,86.34375
24.975,86.859375
24.975,86.859375
24.975,86.859375
25.225,86.859375
24.975,86.859375
24.975,86.859375
24.975,87.1171875
25.0,87.1171875
24.975,87.1171875
24.975,87.375
25.25,87.375
24.975,87.6328125
24.975,87.6328125
24.975,87.890625
24.975,87.890625
24.975,87.890625
24.975,88.1484375
24.975,88.1484375
24.975,88.40625
25.225,88.40625
24.975,88.6640625
24.975,88.6640625
24.975,88.6640625
24.975,88.921875
24.975,88.921875
25.225,89.1796875
24.975,89.1796875
24.975,89.1796875
24.975,89.4375
24.975,89.4375
24.975,89.6953125
24.975,89.6953125
24.975,89.6953125
24.975,89.953125
25.225,89.953125
24.975,90.2109375
24.975,90.2109375
24.975,90.2109375
24.975,90.46875
24.975,90.46875
24.975,90.7265625
24.975,90.7265625
25.225,90.7265625
24.975,90.984375
24.975,90.984375
24.975,91.2421875
24.975,91.2421875
24.975,91.5
24.975,91.5
24.975,91.5
24.975,91.7578125
24.975,91.7578125
25.225,91.7578125
24.975,92.015625
24.975,92.015625
24.975,92.7890625
24.975,92.7890625
24.975,92.7890625
25.225,92.7890625
24.975,92.7890625
24.975,92.7890625
24.975,92.7890625
24.975,93.046875
24.975,93.046875
25.0,93.046875
24.975,93.3046875
24.975,93.3046875
25.225,93.5625
24.975,93.5625
24.975,93.8203125
25.225,93.8203125
24.975,93.8203125
24.975,94.078125
24.975,94.078125
24.975,94.3359375
24.975,94.3359375
24.975,94.3359375
24.975,94.59375
24.975,94.59375
24.975,94.59375
24.975,94.8515625
24.975,94.8515625
25.225,95.109375
24.975,95.109375
24.975,95.3671875
24.975,95.3671875
24.975,95.3671875
25.0,95.625
24.975,95.625
25.25,95.8828125
24.975,95.8828125
24.975,96.140625
24.975,96.140625
24.975,96.140625
24.975,96.3984375
24.975,96.3984375
24.975,96.65625
24.975,96.65625
25.225,96.65625
24.975,96.9140625
24.975,96.9140625
24.975,97.171875
24.975,97.171875
24.975,97.4296875
24.975,97.4296875
24.975,97.4296875
24.975,97.6875
24.975,97.6875
24.975,97.9453125
24.975,98.4609375
25.225,98.4609375
24.975,98.4609375
24.975,98.4609375
24.975,98.4609375
24.975,98.4609375
24.975,98.4609375
25.225,98.71875
24.975,98.71875
24.975,98.9765625
24.975,98.9765625
24.975,98.9765625
24.975,99.234375
24.975,99.234375
24.975,99.4921875
24.975,99.4921875
25.225,99.4921875
24.975,99.75
24.975,99.75
24.975,99.75
24.975,100.0078125
24.975,100.0078125
25.225,100.265625
24.975,100.265625
24.975,100.5234375
24.975,100.5234375
25.0,100.5234375
24.975,100.78125
24.975,100.78125
25.0,101.0390625
24.975,101.0390625
24.975,101.296875
25.225,101.296875
24.975,101.296875
24.975,101.5546875
24.975,101.5546875
25.225,101.8125
24.975,101.8125
24.975,102.0703125
24.975,102.0703125
24.975,102.0703125
24.975,102.328125
24.975,102.328125
24.975,102.328125
25.225,102.5859375
24.975,102.5859375
24.975,102.84375
24.975,102.84375
24.975,103.1015625
24.975,103.1015625
25.225,103.1015625
24.725,103.359375
25.225,103.359375
24.975,103.359375
24.975,103.6171875
24.975,104.1328125
24.975,104.1328125
24.975,104.1328125
24.975,104.1328125
24.975,104.1328125
24.975,104.1328125
24.975,104.390625
25.225,104.390625
24.975,104.6484375
24.975,104.6484375
24.975,104.6484375
25.225,104.90625
24.975,104.90625
24.975,105.1640625
24.975,105.1640625
24.975,105.1640625
24.975,105.421875
24.975,105.421875
24.975,105.6796875
25.225,105.6796875
25.0,105.6796875
24.975,105.9375
24.975,105.9375
24.975,106.1953125
24.975,106.1953125
24.975,106.1953125
24.975,106.453125
25.0,106.453125
24.975,106.7109375
25.225,106.7109375
24.975,106.7109375
24.975,106.96875
24.975,106.96875
24.975,107.2265625
24.975,107.2265625
24.975,107.484375
24.975,107.484375
24.975,107.484375
25.225,107.7421875
24.725,107.7421875
24.975,108.0
25.225,108.0
24.975,108.0
24.975,108.2578125
24.975,108.2578125
24.975,108.515625
24.975,108.515625
24.975,108.515625
24.975,108.7734375
24.975,108.7734375
25.225,109.03125
24.975,109.03125
24.975,109.03125
24.975,109.2890625
24.975,109.2890625
25.225,109.546875
24.975,110.0625
24.975,110.0625
24.975,110.0625
25.225,110.0625
24.975,110.0625
24.975,110.0625
24.975,110.0625
24.975,110.3203125
24.975,110.3203125
24.975,110.3203125
24.975,110.578125
24.975,110.578125
24.975,110.8359375
25.225,110.8359375
24.975,111.09375
24.725,111.09375
25.225,111.3515625
24.975,111.3515625
24.975,111.3515625
24.975,111.609375
25.25,111.609375
24.725,111.8671875
24.975,111.8671875
24.975,111.8671875
24.975,112.125
24.975,112.125
25.225,112.125
24.975,112.3828125
24.975,112.3828125
24.975,112.640625
25.225,112.640625
24.725,112.640625
24.975,112.8984375
25.0,112.8984375
24.975,113.15625
24.975,113.15625
25.225,113.15625
24.975,113.4140625
24.975,113.4140625
25.225,113.671875
24.725,113.671875
25.25,113.671875
24.975,113.9296875
24.725,113.9296875
24.975,113.9296875
25.225,114.1875
25.0,114.1875
24.975,114.4453125
25.0,114.4453125
24.975,114.4453125
25.225,114.703125
24.975,114.703125
24.975,114.9609375
24.975,114.9609375
24.975,115.21875
25.225,115.21875
24.975,115.21875
24.725,115.4765625
25.225,115.4765625
24.725,115.734375
24.975,116.25
25.225,116.25
24.975,116.25
24.975,116.25
24.975,116.25
24.975,116.25
24.975,116.25
24.975,116.5078125
25.225,116.5078125
25.0,116.765625
24.975,116.765625
24.975,116.765625
24.975,117.0234375
24.975,117.0234375
25.225,117.28125
24.975,117.28125
24.975,117.28125
24.975,117.5390625
24.975,117.5390625
24.975,117.796875
24.975,117.796875
24.975,117.796875
24.975,118.0546875
24.975,118.0546875
24.975,118.3125
25.225,118.3125
24.975,118.5703125
24.975,118.5703125
24.975,118.5703125
24.975,118.828125
24.975,118.828125
24.975,119.0859375
25.225,119.0859375
24.975,119.0859375
24.975,119.34375
24.975,119.34375
24.975,119.6015625
24.975,119.6015625
24.975,119.859375
24.975,119.859375
24.975,119.859375
25.225,120.1171875
24.975,120.1171875
24.975,120.375
24.975,120.375
25.0,120.375
24.975,120.6328125
24.975,120.6328125
24.975,120.890625
24.975,120.890625
24.975,120.890625
25.225,121.1484375
24.975,121.1484375
24.975,121.40625
24.975,121.40625
24.975,121.40625
24.975,121.6640625
25.225,121.6640625
24.975,121.921875
24.975,121.921875
24.975,122.6953125
24.975,122.6953125
25.225,122.6953125
24.975,122.6953125
24.975,122.6953125
24.975,122.6953125
24.975,122.6953125
24.975,122.953125
24.975,122.953125
24.975,122.953125
24.975,123.2109375
25.225,123.2109375
24.975,123.46875
24.975,123.46875
24.975,123.46875
24.975,123.7265625
24.975,123.7265625
24.975,123.984375
24.975,123.984375
24.975,123.984375
24.975,124.2421875
24.975,124.2421875
24.975,124.5
24.975,124.5
25.225,124.5
24.975,124.7578125
24.975,124.7578125
24.975,124.7578125
24.975,125.015625
24.975,125.015625
24.975,125.2734375
24.975,125.2734375
24.975,125.2734375
24.975,125.53125
24.975,125.53125
24.975,125.7890625
25.225,125.7890625
24.725,126.046875
24.975,126.046875
25.225,126.046875
24.975,126.3046875
24.975,126.3046875
24.975,126.3046875
24.975,126.5625
24.975,126.5625
24.975,126.8203125
25.0,126.8203125
24.975,126.8203125
24.975,127.078125
25.25,127.078125
24.975,127.3359375
24.975,127.3359375
24.975,127.3359375
24.975,127.59375
25.225,127.59375
24.975,127.8515625
24.975,127.8515625
24.975,128.109375
24.975,128.109375
25.225,128.109375
24.975,128.3671875
24.975,128.3671875
24.725,128.625
25.225,129.140625
24.975,129.140625
24.975,129.140625
25.0,129.140625
24.975,129.140625
25.0,129.140625
24.975,129.140625
24.975,129.3984375
24.975,129.3984375
25.225,129.3984375
24.975,129.65625
24.975,129.65625
24.975,129.9140625
24.975,129.9140625
25.225,129.9140625
24.725,130.171875
25.225,130.171875
24.975,130.171875
24.975,130.4296875
24.975,130.4296875
25.225,130.6875
24.975,130.6875
24.975,130.6875
24.975,130.9453125
24.975,130.9453125
24.975,131.203125
24.975,131.203125
24.975,131.203125
24.975,131.4609375
25.225,131.4609375
24.975,131.71875
25.0,131.71875
24.975,131.71875
24.725,131.9765625
25.25,131.9765625
24.975,131.9765625
24.975,132.234375
25.0,132.234375
24.975,132.4921875
25.0,132.4921875
24.975,132.75
25.225,132.75
24.975,132.75
24.75,133.0078125
25.225,133.0078125
24.975,133.265625
25.0,133.265625
24.975,133.265625
24.975,133.5234375
25.0,133.5234375
24.975,133.78125
25.225,133.78125
24.975,133.78125
25.0,134.0390625
24.225,134.0390625
24.975,134.296875
25.0,134.296875
25.225,134.296875
24.975,134.5546875
24.725,134.5546875
24.975,134.5546875
24.975,134.8125
25.225,134.8125
24.725,135.0703125
24.975,135.0703125
24.975,135.0703125
24.975,135.328125
25.225,135.5859375
24.975,135.84375
24.975,135.84375
24.975,135.84375
25.225,135.84375
24.725,135.84375
24.975,136.1015625
24.975,136.1015625
25.225,136.1015625
24.975,136.359375
24.975,136.359375
24.975,136.359375
24.975,136.6171875
24.975,136.6171875
24.975,136.875
24.975,136.875
25.225,136.875
24.975,137.1328125
24.975,137.1328125
24.975,137.390625
24.725,137.390625
25.0,137.390625
25.0,137.6484375
25.225,137.6484375
24.725,137.90625
24.975,137.90625
25.225,137.90625
24.975,138.1640625
24.975,138.1640625
24.975,138.421875
25.225,138.421875
24.975,138.421875
24.975,138.6796875
24.975,138.6796875
24.725,138.9375
25.225,138.9375
24.975,138.9375
24.975,139.1953125
24.975,139.1953125
24.975,139.453125
24.975,139.453125
24.975,139.453125
24.975,139.7109375
25.225,139.7109375
25.0,139.96875
24.975,139.96875
24.975,139.96875
24.975,140.2265625
24.975,140.2265625
24.975,140.484375
25.225,140.484375
24.975,140.484375
24.975,140.7421875
24.975,140.7421875
25.225,140.7421875
24.975,141.0
24.975,141.0
24.975,141.2578125
24.975,141.2578125
24.975,141.2578125
24.975,141.515625
24.975,141.515625
25.225,141.7734375
24.975,141.7734375
24.975,142.03125
24.975,142.03125
24.975,142.2890625
24.975,142.8046875
24.975,142.8046875
24.975,142.8046875
25.0,142.8046875
24.975,142.8046875
24.975,142.8046875
24.975,142.8046875
24.975,142.8046875
24.975,143.0625
24.975,143.0625
24.975,143.3203125
24.975,143.3203125
24.975,143.578125
24.975,143.578125
25.225,143.578125
24.975,143.8359375
24.975,143.8359375
24.975,144.09375
24.975,144.09375
24.975,144.3515625
24.975,144.3515625
25.0,144.609375
24.975,144.609375
24.975,144.609375
25.225,144.8671875
24.975,144.8671875
24.975,145.125
24.975,145.125
24.975,145.125
25.0,145.3828125
25.0,145.3828125
24.975,145.640625
24.975,145.640625
24.975,145.640625
24.975,145.8984375
24.975,145.8984375
24.975,146.15625
25.225,146.15625
24.975,146.4140625
24.725,146.4140625
25.225,146.4140625
24.975,146.671875
24.975,146.671875
24.975,146.9296875
24.975,146.9296875
24.975,146.9296875
25.225,147.1875
24.725,147.1875
24.975,147.4453125
25.225,147.4453125
24.975,147.703125
24.725,147.703125
25.225,147.703125
24.975,147.9609375
24.975,147.9609375
25.225,148.21875
25.0,148.21875
24.975,148.21875
25.0,148.4765625
24.975,148.4765625
24.975,148.734375
24.975,148.734375
25.225,148.734375
24.725,148.9921875
24.975,148.9921875
25.225,149.5078125
24.975,149.5078125
24.975,149.5078125
24.975,149.5078125
24.975,149.5078125
24.975,149.765625
24.975,149.765625
24.975,149.765625
24.975,150.0234375
25.225,150.0234375
24.975,150.0234375
24.975,150.28125
24.975,150.28125
24.975,150.5390625
25.0,150.5390625
25.225,150.5390625
24.975,150.796875
24.725,150.796875
25.225,151.0546875
24.975,151.0546875
24.975,151.0546875
24.975,151.3125
25.225,151.3125
24.975,151.5703125
24.975,151.5703125
24.975,151.5703125
24.975,151.828125
24.975,151.828125
24.975,151.828125
24.975,152.0859375
24.975,152.0859375
25.0,152.0859375
24.975,152.34375
24.975,152.34375
24.975,152.6015625
24.975,152.6015625
24.975,152.6015625
24.975,152.859375
24.975,152.859375
24.725,153.1171875
24.975,153.1171875
24.725,153.1171875
25.225,153.375
24.975,153.375
24.975,153.6328125
24.975,153.6328125
25.225,153.6328125
24.975,153.890625
24.975,153.890625
24.975,154.1484375
24.975,154.1484375
24.975,154.1484375
25.0,154.40625
24.975,154.40625
24.975,154.6640625
24.975,154.6640625
25.0,154.6640625
24.975,154.921875
24.975,154.921875
25.25,155.1796875
24.975,155.1796875
24.975,155.4375
24.975,155.4375
24.975,155.6953125
24.975,155.6953125
25.225,155.6953125
24.725,155.953125
25.225,155.953125
25.225,156.2109375
24.725,156.2109375
24.975,156.7265625
24.975,156.7265625
24.975,156.7265625
25.225,156.7265625
24.975,156.7265625
24.975,156.7265625
24.975,156.984375
24.975,156.984375
24.975,157.2421875
24.975,157.2421875
24.975,157.5
24.975,157.5
25.225,157.5
24.975,157.7578125
24.975,157.7578125
24.975,157.7578125
24.975,158.015625
24.975,158.015625
24.975,158.2734375
24.975,158.2734375
25.225,158.53125
24.975,158.53125
24.975,158.53125
25.225,158.7890625
24.975,158.7890625
24.975,159.046875
24.975,159.046875
24.725,159.046875
25.225,159.3046875
24.975,159.3046875
24.975,159.5625
24.975,159.5625
25.225,159.8203125
25.0,159.8203125
24.975,159.8203125
24.975,160.078125
24.975,160.078125
24.975,160.3359375
24.975,160.3359375
24.975,160.3359375
25.225,160.59375
24.975,160.59375
24.975,160.59375
24.975,160.8515625
24.975,160.8515625
24.725,161.109375
25.225,161.109375
24.975,161.109375
24.975,161.3671875
25.225,161.3671875
24.975,161.625
24.975,161.625
24.975,161.625
24.975,161.8828125
24.975,161.8828125
25.0,161.8828125
24.975,162.140625
24.975,162.140625
24.975,162.3984375
24.975,162.3984375
25.0,162.3984375
24.975,162.65625
24.975,162.65625
24.975,162.9140625
24.975,162.9140625
24.975,162.9140625
24.975,163.171875
25.0,163.171875
25.25,163.171875
24.975,163.4296875
24.975,163.4296875
25.0,163.6875
24.975,164.203125
24.975,164.203125
25.225,164.203125
24.975,164.203125
25.0,164.203125
24.975,164.203125
24.975,164.203125
24.975,164.203125
25.0,164.4609375
25.225,164.4609375
24.975,164.71875
24.975,164.71875
25.0,164.71875
24.975,164.9765625
24.975,164.9765625
24.975,164.9765625
25.0,165.234375
24.975,165.234375
24.975,165.4921875
24.975,165.4921875
25.225,165.75
24.725,165.75
25.225,165.75
24.975,165.75
24.725,166.0078125
25.225,166.0078125
24.975,166.265625
24.975,166.265625
24.975,166.265625
24.975,166.5234375
24.975,166.5234375
25.225,166.5234375
24.975,166.78125
24.975,166.78125
25.225,167.0390625
24.975,167.0390625
24.975,167.0390625
24.975,167.296875
24.975,167.296875
24.975,167.5546875
25.225,167.5546875
24.975,167.5546875
24.975,167.8125
24.725,167.8125
25.225,168.0703125
24.975,168.0703125
24.975,168.0703125
24.975,168.328125
25.0,168.328125
24.975,168.5859375
25.0,168.5859375
24.975,168.84375
24.975,168.84375
24.975,168.84375
24.975,169.1015625
24.975,169.1015625
25.225,169.359375
24.975,169.359375
24.975,169.359375
25.225,169.6171875
24.725,169.6171875
24.975,169.875
25.225,169.875
24.725,169.875
25.225,170.1328125
24.975,170.1328125
24.975,170.1328125
24.975,170.390625
24.975,170.390625
24.975,170.6484375
25.225,170.6484375
24.975,170.6484375
24.975,170.90625
24.975,170.90625
24.975,170.90625
25.225,171.1640625
24.725,171.6796875
25.225,171.6796875
24.975,171.6796875
24.975,171.6796875
25.0,171.6796875
24.975,171.6796875
24.975,171.9375
24.975,171.9375
24.975,171.9375
24.975,172.1953125
24.975,172.1953125
24.975,172.453125
24.975,172.453125
24.975,172.453125
25.225,172.7109375
24.975,172.7109375
24.975,172.96875
24.975,172.96875
24.975,172.96875
24.975,173.2265625
25.225,173.2265625
24.975,173.2265625
24.975,173.484375
25.225,173.484375
24.975,173.7421875
24.725,173.7421875
25.225,173.7421875
24.975,174.0
24.975,174.0
24.975,174.2578125
24.975,174.2578125
24.975,174.2578125
24.975,174.515625
24.975,174.515625
24.975,174.515625
24.975,174.7734375
25.25,174.7734375
25.0,175.03125
24.975,175.03125
24.975,175.03125
24.975,175.2890625
24.975,175.2890625
25.225,175.2890625
24.975,175.546875
24.975,175.546875
24.975,175.8046875
24.975,175.8046875
24.975,175.8046875
24.975,176.0625
24.975,176.0625
24.975,176.0625
25.225,176.3203125
24.725,176.3203125
24.975,176.3203125
25.225,176.578125
24.975,176.578125
24.975,176.8359375
25.225,176.8359375
24.975,176.8359375
24.975,177.09375
24.975,177.09375
24.975,177.3515625
24.975,177.3515625
25.225,177.3515625
24.975,177.609375
24.725,177.609375
24.975,177.609375
24.975,177.8671875
25.0,177.8671875
24.725,177.8671875
25.225,178.125
24.975,178.125
24.975,178.3828125
24.975,178.3828125
24.975,178.3828125
24.975,178.640625
24.975,178.640625
24.975,178.8984375
24.975,178.8984375
24.975,179.15625
25.0,179.15625
24.975,179.15625
24.975,179.671875
24.975,179.671875
24.975,179.671875
24.975,179.671875
25.225,179.671875
24.975,179.671875
24.975,179.9296875
25.225,179.9296875
24.975,179.9296875
24.725,180.1875
24.975,180.1875
25.225,180.4453125
24.975,180.4453125
24.975,180.4453125
24.975,180.703125
24.975,180.703125
24.975,180.703125
25.0,180.9609375
24.975,180.9609375
24.975,180.9609375
25.0,181.21875
24.975,181.21875
25.225,181.4765625
24.975,181.4765625
25.0,181.4765625
24.975,181.734375
24.975,181.734375
25.25,181.734375
24.975,181.9921875
24.975,181.9921875
24.975,182.25
24.975,182.25
24.975,182.5078125
24.975,182.5078125
24.975,182.5078125
24.975,182.765625
24.975,182.765625
24.975,183.0234375
24.975,183.0234375
24.975,183.0234375
24.975,183.28125
24.975,183.28125
25.225,183.28125
24.975,183.5390625
24.975,183.5390625
24.975,183.5390625
24.975,183.796875
24.975,183.796875
24.975,183.796875
24.975,184.0546875
24.975,184.0546875
25.225,184.0546875
24.975,184.3125
24.975,184.3125
24.975,184.5703125
25.0,184.5703125
24.975,184.828125
24.975,184.828125
25.0,184.828125
24.975,185.0859375
24.975,185.0859375
25.225,185.34375
24.975,185.34375
24.975,185.34375
24.975,185.6015625
25.0,185.6015625
24.975,185.859375
24.975,185.859375
25.225,185.859375
24.975,186.1171875
24.975,186.1171875
24.975,186.1171875
24.975,186.375
24.975,186.375
24.975,186.6328125
24.975,186.6328125
24.975,186.6328125
24.975,186.890625
24.975,186.890625
24.975,187.1484375
25.225,187.1484375
24.975,187.1484375
24.975,187.1484375
24.975,187.40625
24.975,187.921875
24.975,187.921875
24.975,187.921875
24.975,187.921875
24.975,187.921875
24.975,187.921875
24.975,187.921875
24.975,187.921875
24.975,188.1796875
24.975,188.1796875
24.975,188.4375
25.225,188.4375
24.975,188.4375
24.975,188.6953125
24.975,188.6953125
24.975,188.953125
24.975,188.953125
24.975,189.2109375
24.975,189.2109375
24.975,189.2109375
25.225,189.46875
24.975,189.46875
24.975,189.46875
24.975,189.7265625
25.0,189.7265625
24.975,189.984375
24.975,189.984375
24.975,189.984375
24.975,190.2421875
24.975,190.2421875
25.225,190.5
24.975,190.5
24.975,190.5
24.975,190.7578125
24.975,190.7578125
24.975,190.7578125
25.225,191.015625
24.975,191.015625
24.975,191.2734375
24.975,191.2734375
24.975,191.2734375
24.975,191.53125
24.975,191.53125
24.975,191.53125
25.225,191.7890625
24.975,191.7890625
24.975,191.7890625
24.975,192.046875
25.225,192.046875
25.0,192.046875
24.975,192.3046875
24.975,192.3046875
24.975,192.5625
24.975,192.5625
24.975,192.5625
24.975,192.8203125
24.975,192.8203125
24.975,193.078125
25.225,193.078125
24.975,193.078125
24.975,193.3359375
24.975,193.3359375
24.975,193.59375
24.975,193.59375
25.225,193.59375
24.975,193.8515625
24.975,193.8515625
25.0,193.8515625
24.975,193.8515625
24.975,194.109375
24.975,194.109375
24.975,194.109375
24.975,194.3671875
24.975,194.3671875
25.225,194.625
24.975,194.625
24.725,194.625
25.225,194.8828125
24.975,194.8828125
24.975,194.8828125
24.975,195.140625
24.975,195.140625
24.975,195.140625
24.975,195.3984375
24.975,195.3984375
24.975,195.65625
25.225,195.65625
24.975,195.65625
24.975,195.9140625
24.975,196.4296875
24.975,196.4296875
24.975,196.4296875
25.0,196.4296875
24.975,196.4296875
24.975,196.4296875
24.975,196.4296875
24.975,196.4296875
25.25,196.6875
24.975,196.6875
24.975,196.6875
24.975,196.9453125
24.975,196.9453125
24.975,196.9453125
24.975,197.203125
25.0,197.203125
24.975,197.4609375
24.975,197.4609375
24.975,197.4609375
24.975,197.71875
25.0,197.71875
24.975,197.9765625
24.975,197.9765625
24.975,197.9765625
24.975,198.234375
24.975,198.234375
24.975,198.4921875
24.975,198.4921875
24.975,198.75
24.725,198.75
24.975,198.75
25.225,199.0078125
24.975,199.0078125
24.975,199.0078125
24.975,199.265625
24.975,199.265625
24.975,199.265625
24.975,199.5234375
24.975,199.5234375
24.975,199.78125
24.975,199.78125
24.975,199.78125
25.225,200.0390625
24.975,200.0390625
24.975,200.296875
24.975,200.296875
24.975,200.296875
24.975,200.5546875
25.225,200.5546875
24.975,200.5546875
24.975,200.8125
24.975,200.8125
25.225,200.8125
24.975,201.0703125
24.975,201.0703125
24.975,201.0703125
24.975,201.328125
24.975,201.328125
24.975,201.328125
24.975,201.5859375
24.975,201.5859375
24.975,201.5859375
25.225,201.84375
24.725,201.84375
24.975,202.1015625
24.975,202.1015625
25.225,202.1015625
24.975,202.359375
24.975,202.359375
25.225,202.6171875
25.0,202.6171875
24.975,202.6171875
24.725,202.875
25.25,202.875
25.0,203.1328125
24.975,203.1328125
24.975,203.1328125
25.25,203.390625
24.975,203.390625
24.75,203.390625
24.975,203.6484375
25.0,203.6484375
24.975,203.6484375
24.975,203.90625
25.225,203.90625
24.975,203.90625
24.975,204.1640625
25.225,204.1640625
24.975,204.1640625
24.975,204.421875
24.975,204.421875
24.975,204.421875
24.975,204.6796875
25.225,204.6796875
24.975,205.94921875
24.975,205.94921875
24.975,205.94921875
24.975,205.94921875
24.975,205.94921875
24.975,205.94921875
24.725,205.94921875
24.975,205.94921875
24.975,205.94921875
24.975,205.94921875
24.975,206.203125
24.975,206.203125
24.975,206.203125
24.975,206.4609375
24.975,206.4609375
24.975,206.4609375
24.975,206.71875
24.975,206.71875
24.975,206.71875
24.975,206.9765625
25.225,206.9765625
24.975,206.9765625
24.975,207.234375
24.975,207.234375
24.975,207.4921875
24.975,207.4921875
24.975,207.4921875
24.975,207.75
24.975,207.75
25.225,207.75
24.975,208.0078125
24.975,208.0078125
25.225,208.0078125
24.975,208.265625
24.975,208.265625
24.975,208.265625
24.975,208.265625
24.975,208.5234375
25.225,208.5234375
24.975,208.5234375
24.975,208.78125
24.975,208.78125
24.975,209.0390625
24.975,209.0390625
24.975,209.0390625
24.975,209.296875
24.975,209.296875
25.225,209.296875
24.725,209.5546875
24.975,209.5546875
25.225,209.5546875
24.975,209.8125
24.975,209.8125
24.975,209.8125
24.975,210.0703125
24.975,210.0703125
24.975,210.328125
24.975,210.328125
25.0,210.328125
25.0,210.5859375
24.975,210.5859375
25.25,210.5859375
24.975,210.84375
24.975,210.84375
24.975,210.84375
25.0,211.1015625
25.25,211.1015625
24.725,211.1015625
25.225,211.359375
24.975,211.359375
24.975,211.359375
25.225,211.6171875
24.725,211.6171875
24.975,211.875
25.225,211.875
24.975,211.875
25.0,211.875
24.975,212.1328125
24.975,212.1328125
24.975,212.390625
24.975,212.390625
24.975,212.390625
24.975,212.6484375
24.975,212.6484375
24.975,212.90625
25.225,212.90625
24.975,212.90625
24.975,213.1640625
24.975,213.1640625
24.975,213.1640625
25.225,213.421875
24.975,213.421875
24.975,213.421875
24.975,213.6796875
24.975,213.6796875
24.725,213.6796875
25.225,213.6796875
24.975,213.9375
24.975,213.9375
25.225,213.9375
24.975,214.1953125
24.975,214.1953125
24.975,214.1953125
24.975,214.453125
24.975,214.453125
24.975,214.7109375
25.0,214.7109375
24.975,214.7109375
24.975,214.96875
25.225,214.96875
24.975,214.96875
24.975,215.2265625
25.0,215.2265625
24.975,215.2265625
24.975,216.2578125
24.975,216.2578125
24.975,216.2578125
24.975,216.2578125
24.975,216.2578125
24.975,216.2578125
24.975,216.2578125
25.225,216.2578125
24.975,216.515625
24.975,216.515625
24.975,216.7734375
24.975,216.7734375
24.975,216.7734375
25.225,217.03125
24.975,217.03125
24.975,217.03125
24.975,217.2890625
24.975,217.2890625
24.975,217.2890625
25.225,217.546875
24.975,217.546875
24.975,217.546875
25.0,217.546875
25.0,217.8046875
24.975,217.8046875
24.975,217.8046875
25.225,218.0625
24.725,218.0625
24.975,218.0625
25.225,218.3203125
24.725,218.3203125
25.225,218.3203125
25.0,218.578125
24.975,218.578125
24.975,218.578125
24.975,218.8359375
24.975,218.8359375
24.975,218.8359375
25.225,219.09375
24.975,219.09375
24.975,219.09375
25.225,219.3515625
24.975,219.3515625
24.975,219.3515625
24.975,219.3515625
25.0,219.609375
25.0,219.609375
24.975,219.609375
24.975,219.8671875
25.0,219.8671875
24.975,219.8671875
24.975,220.125
25.225,220.125
24.975,220.125
24.725,220.3828125
25.225,220.3828125
25.0,220.3828125
24.975,220.640625
24.975,220.640625
25.0,220.640625
24.975,220.8984375
24.975,220.8984375
24.975,220.8984375
24.975,221.15625
24.975,221.15625
25.225,221.4140625
24.975,221.4140625
24.975,221.4140625
24.975,221.671875
24.975,221.671875
24.975,221.671875
24.975,221.9296875
24.975,221.9296875
24.975,221.9296875
25.225,222.1875
24.975,222.1875
24.975,222.1875
24.975,222.4453125
24.975,222.4453125
24.975,222.4453125
24.975,222.703125
25.225,222.703125
24.975,222.9609375
24.975,222.9609375
24.975,222.9609375
25.225,222.9609375
24.975,223.21875
24.975,223.21875
24.975,223.21875
24.975,223.4765625
24.975,223.4765625
24.975,223.4765625
25.225,223.734375
24.975,223.734375
24.975,223.734375
24.975,223.9921875
24.975,223.9921875
24.975,223.9921875
24.975,224.25
24.975,224.25
24.975,224.25
25.225,224.25
24.975,224.5078125
24.725,224.5078125
25.225,224.765625
24.975,224.765625
24.75,224.765625
24.975,225.0234375
25.0,225.0234375
24.975,225.0234375
24.975,225.28125
24.975,225.28125
24.975,225.28125
24.975,225.5390625
25.225,225.5390625
24.975,225.796875
24.975,225.796875
24.975,225.796875
24.975,226.0546875
24.975,226.0546875
24.975,226.3125
24.975,226.3125
24.975,226.3125
25.225,226.5703125
24.975,226.5703125
24.975,226.5703125
24.975,226.828125
25.0,226.828125
24.975,226.828125
25.225,227.0859375
24.975,227.0859375
24.975,227.0859375
24.975,227.34375
25.225,227.6015625
24.975,227.859375
24.725,227.859375
24.975,227.859375
24.975,227.859375
24.975,227.859375
25.225,227.859375
24.975,227.859375
24.975,227.859375
24.975,228.1171875
24.975,228.1171875
25.0,228.1171875
24.975,228.375
24.975,228.375
24.975,228.375
24.975,228.6328125
25.225,228.6328125
25.0,228.6328125
24.975,228.890625
24.975,228.890625
25.0,228.890625
24.975,229.1484375
24.975,229.1484375
25.225,229.1484375
24.975,229.1484375
24.975,229.40625
24.975,229.40625
24.975,229.40625
24.975,229.6640625
24.975,229.6640625
25.0,229.6640625
24.975,229.921875
25.225,229.921875
24.975,229.921875
24.975,230.1796875
24.975,230.1796875
25.225,230.1796875
24.975,230.4375
24.975,230.4375
24.975,230.6953125
24.975,230.6953125
24.975,230.6953125
24.975,230.6953125
25.0,230.953125
24.975,230.953125
25.0,230.953125
24.975,231.2109375
24.975,231.2109375
24.975,231.2109375
24.975,231.46875
24.975,231.46875
24.725,231.46875
25.475,231.46875
24.725,231.7265625
24.975,231.7265625
24.975,231.984375
24.975,231.984375
25.0,231.984375
24.975,232.2421875
25.0,232.2421875
25.0,232.2421875
25.0,232.5
24.975,232.5
24.975,232.5
24.975,232.7578125
24.975,232.7578125
25.225,232.7578125
24.975,233.015625
24.975,233.015625
24.975,233.015625
24.975,233.2734375
24.975,233.2734375
24.975,233.2734375
24.975,233.53125
24.975,233.53125
24.975,233.53125
24.975,233.7890625
25.225,233.7890625
24.975,234.046875
24.975,234.046875
24.975,234.046875
25.225,234.046875
25.0,234.3046875
24.975,234.3046875
24.975,234.3046875
25.0,234.5625
24.975,234.5625
24.975,234.5625
24.975,234.8203125
25.25,234.8203125
24.975,234.8203125
24.975,235.078125
24.975,235.078125
24.975,235.078125
24.975,235.078125
25.0,235.3359375
24.975,235.3359375
24.975,235.3359375
24.975,235.59375
25.225,235.59375
24.975,235.59375
24.975,235.8515625
24.975,235.8515625
24.975,235.8515625
24.975,236.109375
24.975,236.109375
24.975,236.3671875
24.975,236.3671875
25.225,236.3671875
25.0,236.3671875
24.975,236.625
24.975,236.625
25.0,236.625
24.975,236.8828125
24.975,236.8828125
25.225,236.8828125
24.975,237.140625
24.975,237.140625
24.975,237.140625
24.975,237.3984375
25.0,237.3984375
25.0,237.3984375
24.975,237.65625
24.975,237.65625
25.0,237.9140625
24.975,237.9140625
25.225,237.9140625
24.975,238.171875
24.975,238.171875
24.975,238.4296875
24.975,238.4296875
24.975,238.4296875
25.25,238.6875
24.975,238.6875
24.975,238.6875
24.975,238.6875
24.975,238.9453125
24.975,238.9453125
24.975,238.9453125
24.975,239.203125
24.975,239.203125
24.975,239.203125
25.0,239.4609375
24.975,239.4609375
24.975,239.4609375
25.225,239.71875
24.975,239.71875
24.975,239.71875
24.975,240.4921875
24.975,240.4921875
24.975,240.4921875
24.975,240.4921875
24.975,240.4921875
24.975,240.4921875
25.225,240.4921875
24.975,240.4921875
24.975,240.4921875
24.975,240.75
24.975,240.75
24.975,240.75
25.225,241.0078125
24.975,241.0078125
24.975,241.0078125
24.975,241.0078125
24.975,241.265625
24.975,241.265625
24.975,241.265625
24.975,241.5234375
24.975,241.5234375
25.225,241.5234375
24.975,241.78125
24.975,241.78125
24.975,241.78125
24.975,242.0390625
24.975,242.0390625
24.975,242.0390625
24.975,242.296875
24.975,242.296875
24.975,242.296875
24.975,242.296875
24.975,242.5546875
25.225,242.5546875
24.975,242.5546875
24.975,242.8125
24.975,242.8125
24.975,242.8125
24.975,243.0703125
25.225,243.0703125
24.975,243.0703125
24.975,243.328125
24.975,243.328125
24.975,243.328125
24.975,243.328125
24.975,243.5859375
24.975,243.5859375
24.975,243.84375
25.0,243.84375
25.225,243.84375
24.975,244.1015625
24.975,244.1015625
24.975,244.1015625
24.975,244.359375
24.975,244.359375
25.225,244.359375
24.975,244.6171875
24.975,244.6171875
24.975,244.6171875
24.975,244.875
24.975,244.875
25.225,244.875
24.975,244.875
24.975,245.1328125
24.975,245.1328125
24.975,245.1328125
24.975,245.390625
24.975,245.390625
24.975,245.390625
24.975,245.6484375
24.975,245.6484375
24.975,245.6484375
24.975,245.6484375
25.225,245.90625
24.975,245.90625
24.975,245.90625
24.975,246.1640625
24.975,246.1640625
24.975,246.1640625
25.225,246.421875
24.975,246.421875
24.975,246.421875
24.975,246.421875
25.225,246.6796875
24.975,246.6796875
24.975,246.6796875
24.975,246.9375
24.975,246.9375
24.975,247.1953125
25.0,247.1953125
24.975,247.1953125
24.975,247.453125
25.225,247.453125
24.975,247.453125
24.975,247.453125
24.975,247.7109375
24.975,247.7109375
24.975,247.7109375
24.975,247.96875
24.975,247.96875
25.0,247.96875
24.975,248.2265625
24.975,248.2265625
24.975,248.2265625
25.225,248.2265625
24.975,248.484375
24.975,248.484375
24.975,248.484375
24.975,248.7421875
25.225,248.7421875
24.975,248.7421875
24.975,248.7421875
24.975,249.0
24.975,249.0
24.975,249.0
25.0,249.2578125
24.975,249.2578125
24.975,249.2578125
24.975,249.515625
25.225,249.515625
24.975,249.515625
24.975,249.7734375
24.975,249.7734375
24.975,249.7734375
24.975,250.03125
24.975,250.03125
24.975,250.03125
24.975,250.03125
25.225,250.2890625
24.975,250.2890625
24.725,250.546875
25.225,250.546875
24.975,250.546875
24.975,250.8046875
24.975,250.8046875
24.975,250.8046875
24.975,251.0625
25.225,251.0625
24.975,251.0625
24.975,251.3203125
24.975,251.3203125
24.975,251.3203125
24.975,251.578125
24.975,251.578125
24.975,251.578125
24.975,251.8359375
25.225,251.8359375
24.975,251.8359375
24.975,251.8359375
24.975,252.09375
24.975,252.09375
24.975,252.09375
24.975,252.3515625
24.975,252.3515625
24.975,252.609375
25.225,252.609375
24.975,252.609375
24.975,252.609375
24.975,252.8671875
24.975,252.8671875
24.975,252.8671875
25.225,253.125
24.975,253.125
24.975,253.125
25.0,253.125
25.0,253.640625
24.975,253.8984375
24.975,253.8984375
25.25,253.8984375
24.975,253.8984375
24.975,253.8984375
24.975,253.8984375
24.975,253.8984375
24.975,253.8984375
25.225,253.8984375
24.975,253.8984375
24.975,254.15625
24.975,254.15625
24.975,254.15625
24.975,254.4140625
24.975,254.4140625
25.0,254.4140625
24.975,254.671875
24.975,254.671875
25.225,254.671875
24.975,254.671875
24.975,254.9296875
24.975,254.9296875
24.975,254.9296875
24.975,254.9296875
24.975,255.1875
24.975,255.1875
24.975,255.1875
25.225,255.4453125
24.975,255.4453125
24.975,255.4453125
24.975,255.703125
24.975,255.703125
24.975,255.703125
25.225,255.703125
24.975,255.9609375
24.975,255.9609375
24.975,255.9609375
24.975,255.9609375
25.0,256.21875
24.975,256.21875
25.0,256.4765625
24.975,256.4765625
24.975,256.4765625
24.975,256.4765625
24.975,256.734375
24.975,256.734375
25.225,256.734375
24.975,256.9921875
24.975,256.9921875
24.975,256.9921875
24.975,257.25
25.0,257.25
24.975,257.25
25.0,257.5078125
24.975,257.5078125
25.0,257.5078125
24.975,257.765625
25.25,257.765625
24.975,257.765625
24.975,257.765625
24.975,258.0234375
24.975,258.0234375
24.975,258.0234375
24.975,258.28125
24.975,258.28125
24.975,258.28125
24.975,258.5390625
24.975,258.5390625
25.0,258.5390625
24.975,258.5390625
25.225,258.796875
25.0,258.796875
24.975,258.796875
24.975,259.0546875
25.0,259.0546875
25.0,259.0546875
24.975,259.3125
24.975,259.3125
25.225,259.3125
24.975,259.5703125
24.725,259.5703125
25.25,259.5703125
24.975,259.828125
24.975,259.828125
24.975,259.828125
24.975,259.828125
24.975,260.0859375
24.975,260.0859375
24.975,260.0859375
24.975,260.0859375
25.225,260.34375
24.725,260.34375
24.975,260.34375
25.225,260.6015625
24.975,260.6015625
25.0,260.6015625
24.975,260.859375
25.0,260.859375
24.975,260.859375
24.975,260.859375
25.225,261.1171875
24.975,261.1171875
24.975,261.1171875
24.975,261.1171875
24.975,261.375
24.975,261.375
25.225,261.375
24.975,261.6328125
24.975,261.6328125
24.975,261.6328125
24.975,261.890625
24.975,261.890625
24.975,261.890625
24.975,261.890625
24.975,262.1484375
24.975,262.1484375
24.975,262.1484375
24.975,262.40625
24.975,262.40625
24.975,262.40625
24.975,262.40625
24.975,262.6640625
24.975,262.6640625
24.975,262.6640625
24.975,262.921875
24.975,262.921875
24.975,262.921875
24.975,263.1796875
24.975,263.1796875
24.975,263.1796875
25.225,263.1796875
24.975,263.4375
24.975,263.4375
24.975,263.4375
24.975,263.6953125
24.975,263.6953125
24.975,263.6953125
24.975,263.953125
24.975,263.953125
25.225,263.953125
24.975,263.953125
24.975,264.2109375
24.975,264.2109375
24.975,264.2109375
24.975,264.2109375
24.975,264.46875
24.975,264.46875
24.975,264.46875
25.225,264.7265625
24.975,264.7265625
24.975,264.7265625
24.975,264.984375
24.975,264.984375
24.975,264.984375
25.225,265.2421875
24.975,265.2421875
24.975,265.2421875
24.975,265.5
24.975,265.5
24.975,265.5
24.975,265.7578125
24.975,265.7578125
24.975,265.7578125
24.975,265.7578125
24.975,266.015625
24.975,266.015625
24.975,266.015625
24.975,266.2734375
24.975,266.2734375
24.975,266.2734375
24.975,266.2734375
24.975,266.2734375
24.975,266.53125
25.225,266.53125
24.975,266.53125
24.975,266.7890625
24.975,266.7890625
24.975,266.7890625
24.975,266.7890625
25.0,267.046875
24.975,267.046875
24.975,267.046875
24.975,267.046875
24.975,267.3046875
24.975,267.3046875
24.975,267.3046875
24.975,267.5625
24.975,267.5625
25.225,267.5625
24.975,267.5625
24.975,267.8203125
24.975,267.8203125
24.975,267.8203125
24.975,268.078125
24.975,268.078125
24.975,268.078125
25.0,268.8515625
24.975,268.8515625
24.975,268.8515625
24.975,268.8515625
24.975,268.8515625
24.975,268.8515625
24.975,268.8515625
25.225,268.8515625
24.975,268.8515625
24.975,269.109375
24.975,269.109375
24.975,269.109375
24.975,269.3671875
24.975,269.3671875
24.975,269.3671875
24.975,269.3671875
25.225,269.625
24.975,269.625
24.975,269.625
24.975,269.625
24.975,269.8828125
24.975,269.8828125
24.975,269.8828125
24.975,270.140625
24.975,270.140625
25.225,270.140625
24.975,270.3984375
24.975,270.3984375
24.975,270.3984375
24.975,270.3984375
24.975,270.65625
25.225,270.65625
24.975,270.65625
24.975,270.65625
24.975,270.9140625
24.975,270.9140625
24.975,270.9140625
24.975,271.171875
24.975,271.171875
24.975,271.171875
25.225,271.171875
24.975,271.4296875
24.975,271.4296875
24.975,271.4296875
24.975,271.4296875
24.975,271.6875
24.975,271.6875
24.975,271.6875
24.725,271.9453125
24.975,271.9453125
24.975,271.9453125
24.975,272.203125
24.975,272.203125
25.0,272.203125
24.975,272.203125
24.975,272.4609375
25.225,272.4609375
24.975,272.4609375
24.975,272.4609375
24.975,272.71875
24.975,272.71875
25.0,272.71875
24.975,272.71875
25.25,272.9765625
24.975,272.9765625
24.975,272.9765625
24.975,272.9765625
25.0,273.234375
24.975,273.234375
24.975,273.234375
24.975,273.4921875
24.975,273.4921875
24.975,273.4921875
25.225,273.4921875
24.975,273.75
24.975,273.75
24.975,273.75
24.975,273.75
24.975,274.0078125
24.975,274.0078125
24.975,274.0078125
24.975,274.265625
24.975,274.265625
24.975,274.265625
24.975,274.265625
24.975,274.5234375
24.975,274.5234375
24.975,274.5234375
25.225,274.5234375
24.975,274.78125
24.975,274.78125
24.975,274.78125
24.975,275.0390625
25.0,275.0390625
24.975,275.0390625
24.975,275.0390625
24.975,275.296875
24.975,275.296875
25.225,275.296875
24.975,275.296875
24.975,275.5546875
25.0,275.5546875
24.975,275.5546875
24.975,275.5546875
24.975,275.8125
24.975,275.8125
24.975,275.8125
24.975,275.8125
24.975,276.0703125
24.975,276.0703125
25.225,276.0703125
24.975,276.0703125
24.975,276.328125
24.975,276.328125
24.975,276.328125
24.975,276.328125
25.225,276.5859375
24.975,276.5859375
24.975,276.5859375
24.975,276.84375
24.975,276.84375
24.975,276.84375
24.975,277.1015625
24.975,277.1015625
24.975,277.1015625
25.225,277.1015625
24.975,277.359375
24.975,277.359375
24.975,277.359375
24.975,277.6171875
24.975,277.6171875
24.975,277.6171875
24.975,277.6171875
24.975,277.875
25.225,277.875
24.975,277.875
24.975,277.875
24.975,277.875
24.975,278.1328125
24.975,278.1328125
25.225,278.1328125
24.975,278.1328125
24.975,278.390625
25.225,278.390625
24.725,278.390625
24.975,278.390625
25.225,278.6484375
24.975,278.6484375
24.975,278.6484375
24.975,278.90625
24.975,278.90625
24.975,278.90625
24.975,279.1640625
24.975,279.1640625
24.975,279.1640625
24.975,279.421875
24.975,279.421875
24.975,279.421875
24.975,279.6796875
25.0,279.6796875
24.975,279.6796875
24.975,279.9375
25.225,279.9375
24.975,279.9375
24.975,279.9375
24.975,280.1953125
24.975,280.1953125
24.975,280.1953125
24.975,280.453125
24.975,280.453125
24.975,280.453125
24.975,280.7109375
24.975,280.7109375
24.975,280.7109375
25.0,280.7109375
25.0,280.96875
24.975,280.96875
24.975,280.96875
25.225,281.2265625
24.975,281.2265625
25.0,281.2265625
24.975,281.484375
25.0,281.484375
24.975,281.484375
25.225,281.484375
24.975,281.7421875
24.975,281.7421875
25.0,281.7421875
25.0,281.7421875
25.225,282.0
24.975,282.0
24.975,282.0
24.975,282.0
24.975,282.2578125
24.975,282.2578125
24.975,282.2578125
24.975,282.515625
24.975,282.515625
25.225,282.515625
24.975,282.515625
24.975,282.7734375
24.725,282.7734375
25.225,282.7734375
24.975,282.7734375
24.975,283.03125
24.975,283.03125
24.975,283.03125
25.225,283.03125
24.975,283.2890625
24.725,283.2890625
25.225,283.2890625
24.975,283.546875
24.975,283.546875
24.975,283.546875
24.975,283.546875
24.975,283.8046875
24.975,283.8046875
24.975,284.3203125
24.975,284.3203125
24.975,284.3203125
24.975,284.3203125
24.975,284.3203125
24.975,284.3203125
24.975,284.3203125
24.975,284.3203125
25.225,284.578125
24.725,284.578125
24.975,284.578125
25.225,284.578125
24.975,284.8359375
24.975,284.8359375
24.975,284.8359375
24.975,284.8359375
24.975,285.09375
24.975,285.09375
24.975,285.09375
24.975,285.09375
25.225,285.3515625
24.975,285.3515625
24.975,285.3515625
24.975,285.609375
24.975,285.609375
24.975,285.609375
25.225,285.609375
24.975,285.8671875
24.975,285.8671875
24.975,285.8671875
25.225,286.125
24.75,286.125
24.975,286.125
25.25,286.3828125
24.975,286.3828125
24.975,286.3828125
24.975,286.640625
24.975,286.640625
25.0,286.640625
24.975,286.8984375
24.975,286.8984375
24.975,286.8984375
25.225,286.8984375
24.975,287.15625
24.975,287.15625
24.975,287.15625
24.975,287.15625
24.975,287.4140625
24.975,287.4140625
24.975,287.4140625
25.225,287.4140625
24.975,287.671875
24.975,287.671875
24.975,287.671875
24.975,287.671875
25.225,287.9296875
24.725,287.9296875
24.975,287.9296875
25.225,287.9296875
24.75,287.9296875
24.975,288.1875
24.975,288.1875
25.225,288.1875
24.975,288.4453125
24.975,288.4453125
24.975,288.4453125
24.975,288.4453125
24.975,288.703125
24.975,288.703125
24.975,288.703125
24.975,288.9609375
25.225,288.9609375
24.975,288.9609375
24.975,288.9609375
24.975,289.21875
25.0,289.21875
24.975,289.21875
25.25,289.21875
25.0,289.4765625
24.975,289.4765625
24.975,289.4765625
24.975,289.734375
24.975,289.734375
24.975,289.734375
24.975,289.734375
25.225,289.9921875
24.975,289.9921875
24.975,289.9921875
24.975,290.25
24.975,290.25
25.0,290.25
25.0,290.25
24.975,290.5078125
24.975,290.5078125
24.975,290.5078125
25.225,290.5078125
24.975,290.765625
24.975,290.765625
24.975,290.765625
24.975,290.765625
24.975,291.0234375
24.975,291.0234375
25.0,291.0234375
24.975,291.0234375
24.975,291.28125
25.225,291.28125
24.975,291.28125
24.975,291.28125
24.975,291.5390625
24.975,291.5390625
24.975,291.5390625
25.225,291.5390625
25.0,291.796875
24.975,291.796875
24.975,291.796875
24.975,291.796875
24.975,292.0546875
24.975,292.0546875
25.0,292.0546875
24.975,292.3125
24.975,292.3125
24.975,292.3125
25.225,292.5703125
24.975,292.5703125
24.975,292.5703125
24.975,292.5703125
24.975,292.828125
24.975,292.828125
24.975,292.828125
24.975,292.828125
24.975,293.0859375
25.225,293.0859375
24.975,293.0859375
24.975,293.0859375
24.975,293.34375
24.975,293.34375
24.975,293.34375
25.225,293.6015625
24.975,293.6015625
24.975,293.6015625
24.975,293.6015625
24.975,293.859375
24.975,293.859375
24.975,293.859375
24.975,293.859375
25.0,294.1171875
24.975,294.1171875
24.975,294.1171875
24.975,294.375
25.0,294.375
24.975,294.375
25.225,294.375
24.975,294.6328125
24.725,294.6328125
25.225,294.6328125
24.975,294.6328125
24.975,294.890625
24.975,294.890625
24.975,294.890625
24.975,294.890625
25.225,295.1484375
24.975,295.1484375
24.975,295.1484375
24.975,295.1484375
25.0,295.40625
24.975,295.40625
24.975,295.40625
24.975,295.6640625
24.975,295.6640625
25.0,295.6640625
25.225,295.6640625
24.75,295.921875
25.225,295.921875
24.975,295.921875
24.975,296.1796875
24.975,296.1796875
24.975,296.1796875
24.975,296.1796875
24.975,296.4375
24.975,296.4375
25.225,296.4375
24.975,296.4375
24.975,296.6953125
24.975,296.6953125
24.975,296.6953125
24.975,296.6953125
24.975,296.953125
24.975,296.953125
24.975,296.953125
24.975,297.2109375
24.975,297.2109375
24.975,297.2109375
24.975,297.2109375
25.0,297.2109375
24.975,297.46875
24.975,297.46875
25.225,297.46875
25.0,297.7265625
24.975,297.7265625
24.975,297.7265625
24.975,297.984375
25.0,297.984375
24.975,297.984375
24.975,297.984375
24.975,298.2421875
24.975,298.2421875
24.975,298.2421875
24.975,298.5
24.725,298.5
25.225,298.5
24.975,298.5
24.975,298.5
24.975,298.7578125
24.975,298.7578125
24.975,298.7578125
25.225,298.7578125
24.975,299.015625
24.725,299.015625
25.225,299.015625
25.0,299.015625
24.975,299.2734375
24.975,299.2734375
24.975,299.2734375
24.975,299.53125
24.975,299.53125
25.225,299.53125
24.975,299.53125
24.975,299.7890625
24.975,299.7890625
24.975,299.7890625
25.25,300.046875
24.725,300.046875
25.25,300.046875
24.725,300.046875
25.225,300.3046875
24.975,300.8203125
24.975,300.8203125
24.975,300.8203125
24.975,300.8203125
24.975,300.8203125
24.725,300.8203125
24.975,300.8203125
25.25,300.8203125
24.975,300.8203125
24.975,300.8203125
25.25,301.078125
24.975,301.078125
24.725,301.078125
25.225,301.3359375
24.975,301.3359375
24.975,301.3359375
24.975,301.3359375
24.975,301.59375
24.975,301.59375
24.975,301.59375
24.975,301.59375
24.975,301.8515625
25.225,301.8515625
24.975,301.8515625
24.975,301.8515625
24.975,302.109375
24.975,302.109375
24.975,302.109375
24.975,302.3671875
24.975,302.3671875
24.975,302.3671875
25.225,302.625
24.975,302.625
24.975,302.625
24.975,302.625
24.975,302.8828125
24.975,302.8828125
24.975,302.8828125
25.0,302.8828125
25.225,303.140625
24.725,303.140625
25.225,303.140625
24.975,303.3984375
24.975,303.3984375
24.975,303.3984375
24.975,303.65625
24.975,303.65625
24.975,303.65625
24.975,303.65625
25.225,303.9140625
24.975,303.9140625
24.975,303.9140625
24.975,304.171875
24.975,304.171875
24.975,304.171875
24.975,304.171875
25.0,304.171875
24.975,304.4296875
24.975,304.4296875
25.225,304.4296875
24.975,304.6875
24.975,304.6875
24.975,304.6875
24.975,304.6875
24.975,304.9453125
25.225,304.9453125
25.0,304.9453125
24.975,304.9453125
24.975,304.9453125
24.975,305.203125
25.225,305.203125
24.975,305.203125
25.0,305.4609375
24.975,305.4609375
24.975,305.4609375
24.975,305.4609375
24.975,305.71875
24.975,305.71875
25.225,305.71875
24.975,305.9765625
24.975,305.9765625
24.975,305.9765625
24.975,305.9765625
24.975,305.9765625
25.225,306.234375
24.975,306.234375
24.975,306.234375
24.975,306.234375
24.975,306.4921875
25.0,306.4921875
24.975,306.4921875
24.975,306.4921875
24.975,306.75
24.975,306.75
25.225,306.75
24.975,306.75
24.975,307.0078125
24.725,307.0078125
25.225,307.0078125
24.975,307.265625
24.975,307.265625
24.975,307.265625
24.975,307.265625
24.975,307.5234375
24.975,307.5234375
24.975,307.5234375
25.225,307.5234375
24.975,307.78125
24.975,307.78125
24.975,307.78125
24.975,308.0390625
24.975,308.0390625
24.975,308.0390625
24.975,308.0390625
24.975,308.296875
25.25,308.296875
24.975,308.296875
24.975,308.296875
24.975,308.5546875
24.975,308.5546875
24.975,308.5546875
24.975,308.8125
24.975,308.8125
24.975,308.8125
24.975,308.8125
24.975,309.0703125
25.0,309.0703125
24.975,309.0703125
24.975,309.0703125
24.975,309.328125
25.225,309.328125
24.975,309.328125
24.975,309.328125
25.0,309.5859375
24.975,309.5859375
24.975,309.5859375
24.975,309.5859375
25.225,309.84375
24.975,309.84375
25.0,309.84375
24.975,309.84375
24.975,310.1015625
24.975,310.1015625
24.975,310.1015625
24.975,310.1015625
25.225,310.359375
24.975,310.359375
24.975,310.359375
24.975,310.359375
24.975,310.6171875
24.975,310.6171875
24.975,310.6171875
24.975,310.6171875
24.975,310.875
24.975,310.875
25.225,310.875
24.725,310.875
25.225,311.1328125
24.975,311.1328125
24.975,311.1328125
24.975,311.390625
24.975,311.390625
24.975,311.390625
24.975,311.390625
25.0,311.6484375
24.975,311.6484375
24.975,311.6484375
25.25,311.6484375
24.975,311.90625
24.975,311.90625
24.975,311.90625
24.975,311.90625
25.225,312.1640625
24.975,312.1640625
24.975,312.1640625
24.975,312.421875
24.975,312.421875
24.975,312.421875
24.975,312.421875
25.225,312.6796875
24.975,312.6796875
24.975,312.6796875
24.975,312.6796875
24.975,312.6796875
24.975,312.9375
24.975,312.9375
24.975,312.9375
24.975,312.9375
25.225,313.1953125
24.975,313.1953125
24.975,313.1953125
24.975,313.1953125
24.975,313.453125
24.975,313.453125
24.975,313.453125
24.975,313.453125
24.975,313.7109375
25.0,313.7109375
24.975,313.7109375
24.975,313.7109375
24.975,313.96875
24.975,313.96875
24.975,313.96875
24.975,314.2265625
25.225,314.2265625
24.975,314.2265625
24.975,314.2265625
24.975,314.484375
24.975,314.484375
24.975,314.484375
24.975,314.484375
25.225,314.7421875
24.975,314.7421875
24.975,314.7421875
24.975,315.0
24.975,315.0
24.975,315.0
24.975,315.0
24.975,315.2578125
24.975,315.2578125
24.975,315.2578125
24.975,315.2578125
25.225,315.515625
24.975,315.515625
24.975,315.515625
25.225,315.7734375
24.725,315.7734375
24.975,315.7734375
24.975,315.7734375
24.975,316.03125
24.975,316.03125
25.225,316.03125
24.975,316.2890625
24.975,316.2890625
24.975,316.2890625
24.975,316.2890625
24.975,316.2890625
25.225,316.546875
24.975,316.546875
24.975,316.546875
24.975,316.8046875
24.975,316.8046875
24.975,316.8046875
24.975,316.8046875
24.975,317.0625
24.975,317.0625
25.225,317.0625
24.725,317.0625
25.225,317.578125
24.975,317.578125
24.975,317.578125
24.975,317.578125
24.975,317.578125
24.975,317.578125
24.975,317.578125
25.225,317.578125
24.975,317.8359375
24.975,317.8359375
24.975,317.8359375
24.975,317.8359375
24.975,318.09375
24.975,318.09375
24.975,318.09375
24.975,318.09375
25.225,318.3515625
24.975,318.3515625
25.0,318.3515625
24.975,318.3515625
25.0,318.609375
24.975,318.609375
24.975,318.609375
24.975,318.8671875
24.975,318.8671875
24.975,318.8671875
25.225,318.8671875
24.975,319.125
24.975,319.125
24.975,319.125
24.975,319.125
24.975,319.3828125
24.975,319.3828125
24.975,319.3828125
24.975,319.3828125
25.225,319.640625
24.975,319.640625
24.975,319.640625
24.975,319.640625
24.975,319.8984375
25.0,319.8984375
24.975,319.8984375
25.225,319.8984375
24.975,320.15625
24.975,320.15625
24.975,320.15625
24.975,320.15625
25.0,320.4140625
24.975,320.4140625
25.0,320.4140625
24.725,320.671875
24.975,320.671875
25.225,320.671875
25.0,320.671875
24.975,320.9296875
24.975,320.9296875
25.0,320.9296875
24.975,320.9296875
24.975,321.1875
25.225,321.1875
24.975,321.1875
24.975,321.4453125
24.975,321.4453125
25.0,321.4453125
24.975,321.4453125
24.975,321.703125
24.975,321.703125
25.225,321.703125
24.975,321.703125
24.975,321.703125
24.975,321.9609375
24.975,321.9609375
25.225,321.9609375
24.975,322.21875
24.975,322.21875
24.975,322.21875
24.975,322.21875
24.975,322.4765625
24.975,322.4765625
24.975,322.4765625
24.975,322.4765625
24.975,322.734375
24.975,322.734375
24.975,322.734375
25.225,322.734375
24.975,322.9921875
24.975,322.9921875
24.975,322.9921875
24.975,322.9921875
24.975,323.25
24.975,323.25
24.975,323.25
24.975,323.5078125
25.225,323.5078125
24.975,323.5078125
24.975,323.5078125
24.975,323.765625
24.975,323.765625
24.975,323.765625
24.975,323.765625
24.975,324.0234375
24.975,324.0234375
25.225,324.0234375
24.975,324.0234375
24.725,324.28125
25.225,324.28125
24.975,324.28125
24.975,324.5390625
24.975,324.5390625
24.975,324.5390625
25.0,324.5390625
24.975,324.5390625
24.975,324.796875
24.975,324.796875
24.975,324.796875
25.25,325.0546875
24.975,325.0546875
25.0,325.0546875
24.975,325.0546875
25.0,325.3125
24.975,325.3125
24.975,325.3125
25.225,325.3125
24.975,325.5703125
24.975,325.5703125
24.975,325.5703125
24.975,325.5703125
24.975,325.828125
24.975,325.828125
24.975,325.828125
24.975,325.828125
25.225,326.0859375
24.975,326.0859375
24.975,326.0859375
24.975,326.0859375
24.975,326.34375
24.975,326.34375
24.975,326.34375
24.975,326.34375
24.975,326.6015625
25.225,326.6015625
24.975,326.6015625
24.975,326.6015625
24.975,326.859375
24.975,326.859375
24.975,326.859375
25.225,326.859375
24.975,327.1171875
24.975,327.1171875
24.975,327.1171875
24.975,327.375
24.975,327.375
24.975,327.375
24.975,327.375
24.975,327.6328125
25.225,327.6328125
24.975,327.6328125
24.975,327.890625
24.975,327.890625
24.975,327.890625
24.975,327.890625
24.975,328.1484375
24.975,328.1484375
24.975,328.1484375
25.225,328.1484375
24.975,328.40625
24.975,328.40625
24.975,328.40625
25.0,328.40625
24.975,328.6640625
24.975,328.6640625
25.225,328.6640625
24.975,328.6640625
24.975,328.921875
25.0,328.921875
24.975,328.921875
24.975,328.921875
24.975,329.1796875
24.975,329.1796875
24.975,329.1796875
25.225,329.4375
24.975,329.4375
24.975,329.4375
24.975,329.4375
24.975,329.6953125
24.975,329.6953125
24.975,329.6953125
24.975,329.6953125
25.0,329.953125
24.975,329.953125
25.25,329.953125
25.0,329.953125
24.975,330.2109375
24.975,330.2109375
25.0,330.2109375
24.975,330.2109375
24.975,330.2109375
25.225,330.46875
24.975,330.46875
24.725,330.46875
25.225,330.7265625
24.975,330.7265625
24.975,330.7265625
24.975,330.7265625
24.975,330.984375
24.975,330.984375
25.225,330.984375
24.975,330.984375
24.975,331.2421875
25.225,331.2421875
24.725,331.2421875
24.975,331.5
25.225,331.5
24.975,331.5
24.975,331.7578125
24.975,331.7578125
24.975,331.7578125
24.975,331.7578125
24.975,331.7578125
24.975,332.015625
24.975,332.015625
25.225,332.015625
24.975,332.015625
24.975,332.2734375
24.975,332.2734375
24.975,332.2734375
25.0,332.53125
24.975,332.53125
25.0,332.53125
24.975,332.7890625
24.975,332.7890625
25.225,332.7890625
25.0,332.7890625
24.975,333.046875
24.975,333.046875
25.25,333.046875
25.0,333.3046875
24.975,333.3046875
25.0,333.3046875
24.975,333.3046875
24.975,333.5625
24.975,333.5625
24.975,333.5625
24.975,333.5625
24.975,333.8203125
25.225,333.8203125
24.975,333.8203125
24.975,333.8203125
24.975,334.078125
24.975,334.078125
24.975,334.078125
25.225,334.3359375
24.975,334.3359375
24.975,334.3359375
24.975,334.3359375
24.975,334.59375
24.975,334.59375
24.975,334.59375
24.975,334.8515625
24.975,334.8515625
25.225,334.8515625
24.975,335.3671875
24.975,335.3671875
24.975,335.3671875
24.975,335.3671875
24.975,335.3671875
24.975,335.3671875
24.975,335.3671875
24.975,335.3671875
25.225,335.3671875
24.975,335.625
24.975,335.625
24.975,335.625
24.975,335.625
24.975,335.8828125
25.225,335.8828125
24.975,335.8828125
24.975,336.140625
24.975,336.140625
24.725,336.140625
24.975,336.140625
25.225,336.3984375
24.975,336.3984375
24.975,336.3984375
24.975,336.3984375
24.975,336.3984375
24.975,336.65625
25.225,336.65625
24.975,336.65625
25.0,336.9140625
24.975,336.9140625
24.975,336.9140625
24.975,336.9140625
24.975,337.171875
24.975,337.171875
24.975,337.171875
24.975,337.4296875
24.975,337.4296875
24.975,337.4296875
25.225,337.4296875
24.975,337.6875
24.975,337.6875
24.975,337.6875
24.975,337.6875
24.975,337.9453125
25.0,337.9453125
24.975,337.9453125
24.975,337.9453125
25.225,338.203125
24.975,338.203125
24.975,338.203125
24.975,338.203125
24.975,338.4609375
24.975,338.4609375
24.975,338.4609375
24.975,338.4609375
24.975,338.71875
25.225,338.71875
24.975,338.71875
24.975,338.71875
24.975,338.9765625
24.975,338.9765625
24.975,338.9765625
24.975,338.9765625
24.975,339.234375
24.975,339.234375
25.225,339.234375
24.975,339.234375
24.975,339.4921875
24.975,339.4921875
24.975,339.4921875
24.975,339.4921875
24.975,339.75
24.975,339.75
24.975,339.75
24.975,340.0078125
24.975,340.0078125
24.975,340.0078125
25.225,340.0078125
24.975,340.265625
24.975,340.265625
24.975,340.265625
24.975,340.265625
24.975,340.5234375
24.975,340.5234375
24.975,340.5234375
24.975,340.5234375
25.225,340.78125
24.975,340.78125
24.975,340.78125
24.975,341.0390625
24.975,341.0390625
24.975,341.0390625
25.225,341.296875
24.975,341.296875
24.725,341.296875
25.225,341.296875
24.975,341.5546875
24.975,341.5546875
24.975,341.5546875
24.975,341.8125
24.975,341.8125
25.225,341.8125
24.975,341.8125
24.975,342.0703125
24.975,342.0703125
24.975,342.0703125
24.975,342.0703125
24.975,342.328125
24.975,342.328125
24.975,342.328125
24.975,342.328125
24.975,342.5859375
24.975,342.5859375
24.975,342.5859375
24.975,342.84375
24.975,342.84375
24.975,342.84375
24.975,342.84375
24.975,342.84375
25.25,343.1015625
24.975,343.1015625
24.975,343.1015625
24.975,343.359375
24.975,343.359375
24.975,343.359375
25.225,343.359375
24.975,343.6171875
24.975,343.6171875
24.975,343.6171875
24.975,343.6171875
24.975,343.875
24.975,343.875
25.0,343.875
24.975,343.875
25.0,344.1328125
25.225,344.1328125
25.0,344.1328125
24.975,344.390625
25.0,344.390625
24.975,344.390625
24.975,344.390625
24.975,344.390625
24.975,344.6484375
24.975,344.6484375
24.975,344.6484375
24.975,344.6484375
25.0,344.90625
24.975,344.90625
24.975,344.90625
25.25,344.90625
24.975,345.1640625
25.0,345.1640625
24.975,345.1640625
24.975,345.421875
24.975,345.421875
24.975,345.421875
25.225,345.6796875
25.0,345.6796875
24.975,345.6796875
24.975,345.6796875
24.975,345.6796875
24.975,345.9375
24.975,345.9375
24.975,345.9375
24.975,345.9375
24.975,346.1953125
25.225,346.1953125
24.975,346.1953125
24.975,346.453125
24.975,346.453125
24.975,346.453125
24.975,346.453125
24.975,346.7109375
24.975,346.7109375
24.975,346.7109375
25.225,346.96875
24.975,346.96875
24.975,346.96875
24.975,346.96875
24.975,347.2265625
25.0,347.2265625
24.975,347.2265625
25.0,347.2265625
24.975,347.484375
24.975,347.484375
25.225,347.484375
24.975,347.484375
24.975,347.7421875
24.975,347.7421875
24.975,347.7421875
24.975,348.0
25.225,348.0
24.975,348.0
24.975,348.0
24.975,348.2578125
24.975,348.2578125
24.975,348.2578125
24.975,348.515625
24.975,348.515625
24.975,348.515625
25.225,348.515625
24.725,348.515625
24.975,348.7734375
25.225,348.7734375
24.975,348.7734375
24.975,349.03125
24.975,349.03125
24.975,349.03125
24.975,349.03125
24.975,349.2890625
24.975,349.2890625
24.975,349.2890625
25.225,349.546875
24.975,349.546875
24.975,349.546875
24.975,349.8046875
24.975,349.8046875
24.975,349.8046875
25.225,349.8046875
24.975,350.0625
24.975,350.0625
24.975,350.0625
24.975,350.3203125
24.975,350.3203125
24.975,350.3203125
24.975,350.3203125
24.975,350.578125
24.975,350.578125
25.225,350.578125
24.975,350.578125
24.975,350.8359375
25.25,350.8359375
24.975,350.8359375
24.975,350.8359375
24.975,351.09375
24.975,351.09375
24.975,351.09375
24.975,351.3515625
24.975,351.3515625
24.975,351.3515625
24.975,351.3515625
24.975,351.609375
24.975,351.609375
25.225,351.609375
24.975,351.8671875
24.975,351.8671875
24.975,351.8671875
24.975,351.8671875
24.975,351.8671875
25.225,352.125
24.975,352.125
24.725,352.125
25.225,352.3828125
24.975,352.3828125
24.975,352.3828125
24.975,352.3828125
24.975,353.15625
24.975,353.15625
25.225,353.15625
24.975,353.15625
24.975,353.15625
24.975,353.15625
24.975,353.15625
24.975,353.15625
24.975,353.15625
24.975,353.15625
24.975,353.4140625
25.225,353.4140625
24.975,353.4140625
24.975,353.4140625
24.975,353.671875
24.975,353.671875
24.975,353.671875
25.225,353.671875
24.975,353.9296875
24.975,353.9296875
24.725,353.9296875
24.975,353.9296875
24.975,354.1875
24.975,354.1875
24.975,354.1875
24.975,354.1875
24.975,354.4453125
24.725,354.4453125
24.975,354.4453125
25.225,354.4453125
24.975,354.703125
24.975,354.703125
24.975,354.703125
24.975,354.703125
24.975,354.9609375
24.975,354.9609375
24.975,354.9609375
24.975,355.21875
24.975,355.21875
24.975,355.21875
24.975,355.21875
24.975,355.4765625
25.0,355.4765625
24.975,355.4765625
24.975,355.734375
24.975,355.734375
24.975,355.734375
24.975,355.734375
25.225,355.9921875
24.975,355.9921875
24.975,355.9921875
24.975,355.9921875
24.975,356.25
24.975,356.25
25.225,356.25
24.975,356.5078125
24.975,356.5078125
25.0,356.5078125
24.975,356.5078125
24.975,356.765625
24.975,356.765625
24.975,356.765625
24.975,356.765625
24.975,357.0234375
25.25,357.0234375
24.975,357.0234375
24.975,357.0234375
24.975,357.28125
24.975,357.28125
24.975,357.28125
24.975,357.5390625
24.975,357.5390625
24.975,357.5390625
25.225,357.796875
24.975,357.796875
24.975,357.796875
24.975,357.796875
24.975,358.0546875
24.975,358.0546875
25.225,358.0546875
24.975,358.0546875
24.975,358.3125
24.975,358.3125
25.0,358.3125
24.975,358.3125
24.975,358.3125
24.975,358.5703125
24.975,358.5703125
24.975,358.5703125
24.975,358.828125
24.975,358.828125
24.975,358.828125
24.975,358.828125
24.975,359.0859375
24.975,359.0859375
24.975,359.0859375
24.975,359.0859375
25.225,359.34375
24.975,359.34375
24.975,359.34375
24.975,359.34375
24.975,359.6015625
24.975,359.6015625
25.25,359.6015625
24.975,359.6015625
24.975,359.859375
24.975,359.859375
24.975,359.859375
24.975,359.859375
24.975,360.1171875
24.975,360.1171875
24.975,360.1171875
24.975,360.1171875
24.975,360.375
24.975,360.375
24.975,360.375
24.975,360.6328125
24.975,360.6328125
24.975,360.6328125
24.975,360.6328125
25.0,360.890625
24.975,360.890625
25.225,360.890625
24.975,360.890625
24.975,361.1484375
24.975,361.1484375
24.975,361.1484375
24.975,361.1484375
25.0,361.1484375
24.975,361.40625
24.975,361.40625
25.225,361.40625
24.975,361.6640625
24.975,361.6640625
24.975,361.6640625
24.975,361.6640625
24.975,361.921875
25.225,361.921875
24.975,361.921875
25.0,361.921875
24.975,362.1796875
24.975,362.1796875
24.975,362.1796875
24.975,362.1796875
24.975,362.4375
24.975,362.4375
25.225,362.4375
24.975,362.4375
24.975,362.6953125
24.975,362.6953125
24.975,362.6953125
24.975,362.6953125
24.975,362.953125
24.975,362.953125
24.975,362.953125
25.225,362.953125
24.975,363.2109375
24.975,363.2109375
24.975,363.2109375
24.975,363.46875
24.975,363.46875
25.225,363.46875
24.975,363.46875
24.975,363.7265625
24.975,363.7265625
24.975,363.7265625
25.0,363.7265625
24.975,363.984375
24.975,363.984375
25.0,363.984375
24.975,364.2421875
25.225,364.2421875
24.975,364.2421875
25.0,364.5
24.975,364.5
24.975,364.5
24.975,364.5
24.975,364.7578125
24.975,364.7578125
24.975,364.7578125
24.975,364.7578125
25.225,365.015625
24.975,365.015625
24.975,365.015625
24.975,365.015625
24.975,365.2734375
24.975,365.2734375
25.225,365.2734375
24.975,365.2734375
24.975,365.53125
24.975,365.53125
24.975,365.53125
24.975,365.53125
24.975,365.7890625
24.975,365.7890625
24.975,365.7890625
25.225,365.7890625
24.975,366.046875
24.975,366.046875
24.975,366.046875
24.975,366.046875
24.975,366.3046875
24.975,366.3046875
24.975,366.3046875
24.975,366.5625
25.225,366.5625
24.975,366.5625
24.975,366.5625
24.975,366.8203125
24.975,366.8203125
24.975,366.8203125
25.225,367.078125
24.975,367.078125
24.975,367.078125
25.0,367.078125
24.975,367.078125
24.975,367.3359375
25.0,367.3359375
24.975,367.3359375
25.0,367.3359375
24.975,367.3359375
24.975,367.59375
25.0,367.59375
24.975,367.59375
24.975,367.8515625
25.225,367.8515625
24.975,367.8515625
24.975,367.8515625
24.975,367.8515625
24.975,368.109375
24.975,368.109375
24.975,368.109375
25.0,368.3671875
24.975,368.3671875
24.975,368.3671875
25.225,368.3671875
24.725,368.625
24.975,368.625
25.225,368.625
24.975,368.8828125
24.975,368.8828125
25.225,368.8828125
24.975,368.8828125
25.0,368.8828125
24.975,369.140625
25.0,369.140625
24.975,369.140625
24.975,369.140625
24.975,369.3984375
24.975,369.3984375
24.975,369.3984375
24.975,369.65625
24.975,369.65625
24.975,369.65625
25.225,369.65625
24.975,369.9140625
24.975,369.9140625
24.975,369.9140625
24.975,370.171875
24.975,370.171875
25.225,370.171875
24.725,370.171875
24.975,370.4296875
25.225,370.4296875
25.0,370.4296875
24.975,370.4296875
25.0,370.6875
24.975,371.203125
24.975,371.203125
24.975,371.203125
25.225,371.203125
24.975,371.203125
24.975,371.203125
24.975,371.203125
24.975,371.203125
24.975,371.203125
24.975,371.203125
24.975,371.4609375
24.975,371.4609375
25.225,371.71875
24.975,371.71875
24.975,371.71875
24.975,371.71875
24.975,371.9765625
24.975,371.9765625
24.975,371.9765625
24.975,371.9765625
24.975,372.234375
25.225,372.234375
24.975,372.234375
24.975,372.4921875
24.975,372.4921875
24.975,372.4921875
24.975,372.4921875
25.225,372.75
24.975,372.75
24.975,372.75
24.975,372.75
24.975,373.0078125
24.975,373.0078125
24.975,373.0078125
24.975,373.0078125
24.975,373.265625
25.225,373.265625
24.975,373.265625
24.975,373.265625
24.975,373.5234375
24.975,373.5234375
24.975,373.5234375
24.975,373.5234375
24.975,373.78125
24.975,373.78125
24.975,373.78125
24.975,374.0390625
24.975,374.0390625
25.225,374.0390625
24.975,374.0390625
24.975,374.296875
24.975,374.296875
24.975,374.296875
24.975,374.296875
25.225,374.5546875
24.975,374.5546875
24.975,374.5546875
24.975,374.5546875
24.975,374.8125
25.0,374.8125
24.975,374.8125
24.975,374.8125
25.0,375.0703125
24.975,375.0703125
24.975,375.0703125
25.225,375.328125
25.0,375.328125
24.975,375.328125
24.975,375.328125
24.975,375.5859375
24.975,375.5859375
24.975,375.5859375
24.975,375.5859375
24.975,375.84375
25.225,375.84375
24.975,375.84375
24.975,375.84375
24.975,376.1015625
24.975,376.1015625
24.975,376.1015625
25.225,376.1015625
24.725,376.359375
25.0,376.359375
25.0,376.359375
25.225,376.359375
24.975,376.359375
24.975,376.6171875
24.975,376.6171875
24.975,376.6171875
24.975,376.6171875
25.0,376.875
25.225,376.875
24.975,376.875
24.975,376.875
25.0,377.1328125
24.975,377.1328125
24.975,377.1328125
24.975,377.1328125
24.975,377.390625
24.975,377.390625
25.225,377.390625
24.975,377.6484375
24.975,377.6484375
24.975,377.6484375
24.975,377.6484375
24.975,377.90625
24.975,377.90625
24.975,377.90625
24.975,377.90625
24.975,378.1640625
25.0,378.1640625
24.975,378.1640625
24.975,378.1640625
24.975,378.421875
24.975,378.421875
24.975,378.421875
25.225,378.421875
24.975,378.6796875
24.975,378.6796875
24.975,378.6796875
24.975,378.6796875
24.975,378.9375
24.975,378.9375
25.0,378.9375
24.975,378.9375
24.975,379.1953125
25.225,379.1953125
24.975,379.1953125
25.0,379.1953125
24.975,379.453125
25.0,379.453125
24.975,379.453125
24.975,379.7109375
24.975,379.7109375
24.975,379.7109375
24.975,379.7109375
25.225,379.96875
25.0,379.96875
24.975,379.96875
24.975,379.96875
25.225,380.2265625
24.975,380.2265625
24.975,380.2265625
24.975,380.2265625
25.0,380.484375
24.975,380.484375
25.0,380.484375
24.975,380.7421875
24.975,380.7421875
24.975,380.7421875
24.975,380.7421875
24.975,381.0
25.225,381.0
24.975,381.0
24.975,381.2578125
24.975,381.2578125
24.975,381.2578125
24.975,381.2578125
24.975,381.515625
24.975,381.515625
24.975,381.515625
25.225,381.515625
24.975,381.7734375
24.975,381.7734375
24.975,381.7734375
24.975,382.03125
24.975,382.03125
25.225,382.03125
24.975,382.03125
24.975,382.2890625
24.975,382.2890625
24.975,382.2890625
24.975,382.546875
24.975,382.546875
24.975,382.546875
24.975,382.546875
25.225,382.8046875
24.975,382.8046875
25.0,382.8046875
24.975,383.0625
25.0,383.0625
24.975,383.0625
25.0,383.0625
25.0,383.3203125
24.975,383.3203125
24.975,383.3203125
24.975,383.3203125
25.225,383.578125
24.975,383.578125
24.975,383.578125
24.975,383.578125
24.975,383.8359375
24.975,383.8359375
25.225,383.8359375
24.975,383.8359375
24.975,384.09375
24.975,384.09375
24.975,384.09375
24.975,384.3515625
24.975,384.3515625
24.975,384.3515625
24.975,384.3515625
25.225,384.609375
25.0,384.609375
24.975,384.609375
24.975,384.609375
24.975,384.609375
24.975,384.8671875
24.975,384.8671875
24.975,384.8671875
24.975,384.8671875
24.975,385.125
25.225,385.125
24.975,385.125
24.975,385.3828125
24.975,385.3828125
24.975,385.3828125
24.975,385.3828125
25.225,385.640625
24.725,385.640625
24.975,385.640625
25.225,385.8984375
24.975,385.8984375
24.975,385.8984375
25.225,385.8984375
24.975,386.15625
24.975,386.15625
24.975,386.15625
24.975,386.15625
24.975,386.4140625
25.225,386.4140625
24.975,386.4140625
24.975,386.671875
24.975,386.671875
24.975,386.671875
24.975,386.9296875
25.0,386.9296875
24.975,386.9296875
24.975,386.9296875
25.225,387.1875
24.975,387.1875
24.975,387.1875
24.975,387.1875
25.0,387.4453125
24.975,387.4453125
24.975,387.4453125
25.0,387.703125
24.975,387.703125
24.975,387.703125
24.975,387.703125
24.975,387.9609375
24.975,387.9609375
24.975,387.9609375
24.975,387.9609375
24.975,388.21875
25.225,388.9921875
24.975,388.9921875
24.725,388.9921875
25.225,388.9921875
24.975,388.9921875
24.975,388.9921875
24.975,388.9921875
24.975,388.9921875
24.975,388.9921875
25.225,388.9921875
24.975,388.9921875
24.975,388.9921875
24.975,388.9921875
24.975,389.25
24.975,389.25
24.975,389.25
25.0,389.5078125
24.975,389.5078125
25.0,389.5078125
24.975,389.5078125
25.225,389.765625
25.0,389.765625
24.975,389.765625
24.975,389.765625
24.975,389.765625
24.975,390.0234375
24.975,390.0234375
24.975,390.0234375
24.975,390.28125
24.975,390.28125
25.225,390.28125
24.975,390.28125
24.975,390.5390625
24.975,390.5390625
24.975,390.5390625
24.975,390.5390625
25.225,390.796875
24.975,390.796875
24.975,390.796875
24.975,390.796875
25.0,391.0546875
24.975,391.0546875
24.975,391.0546875
24.975,391.3125
24.975,391.3125
24.975,391.3125
25.225,391.5703125
24.975,391.5703125
24.975,391.5703125
25.0,391.5703125
24.975,391.5703125
24.975,391.828125
24.975,391.828125
24.975,391.828125
24.975,391.828125
25.225,392.0859375
24.975,392.0859375
24.975,392.0859375
24.975,392.34375
24.975,392.34375
24.975,392.34375
24.975,392.34375
25.0,392.6015625
24.975,392.6015625
24.975,392.6015625
25.225,392.6015625
24.975,392.6015625
24.975,392.859375
24.975,392.859375
25.0,392.859375
24.975,392.859375
24.975,393.1171875
25.25,393.1171875
25.0,393.1171875
24.975,393.1171875
24.975,393.375
24.975,393.375
25.0,393.375
24.975,393.375
24.975,393.375
24.975,393.6328125
25.0,393.6328125
24.975,393.6328125
25.25,393.890625
24.975,393.890625
24.725,393.890625
25.225,393.890625
24.975,394.1484375
25.0,394.1484375
24.975,394.1484375
24.975,394.40625
24.975,394.40625
24.975,394.40625
24.975,394.40625
24.975,394.6640625
24.975,394.6640625
24.975,394.6640625
24.975,394.921875
25.225,394.921875
24.975,394.921875
24.975,394.921875
24.975,395.1796875
24.975,395.1796875
24.975,395.1796875
24.975,395.4375
24.975,395.4375
24.975,395.4375
24.975,395.4375
25.25,395.6953125
24.975,395.6953125
24.975,395.6953125
24.975,395.6953125
25.225,395.953125
24.975,395.953125
24.975,395.953125
24.975,396.2109375
24.975,396.2109375
24.975,396.2109375
24.975,396.46875
24.975,396.46875
25.225,396.46875
24.975,396.46875
24.975,396.7265625
24.975,396.7265625
24.975,396.7265625
24.975,396.7265625
25.225,396.984375
24.975,396.984375
24.975,396.984375
24.975,396.984375
24.975,397.2421875
24.975,397.2421875
25.225,397.2421875
24.725,397.2421875
24.975,397.5
25.225,397.5
24.975,397.5
24.975,397.5
24.975,397.7578125
24.975,397.7578125
24.975,397.7578125
24.975,397.7578125
24.975,398.015625
24.975,398.015625
25.225,398.015625
24.975,398.015625
24.975,398.2734375
24.975,398.2734375
24.975,398.2734375
24.975,398.2734375
24.975,398.53125
24.975,398.53125
24.975,398.53125
24.975,398.53125
24.975,398.7890625
24.975,398.7890625
25.225,398.7890625
24.975,398.7890625
24.975,399.046875
24.975,399.046875
24.975,399.046875
24.975,399.046875
25.225,399.3046875
24.975,399.3046875
24.975,399.3046875
24.975,399.5625
24.975,399.5625
24.975,399.5625
24.975,399.5625
24.975,399.8203125
24.975,399.8203125
25.225,399.8203125
24.975,399.8203125
24.975,400.078125
24.975,400.078125
24.975,400.078125
25.0,400.3359375
24.975,400.3359375
25.25,400.3359375
24.975,400.3359375
24.975,400.59375
24.975,400.59375
24.975,400.59375
24.975,400.59375
24.975,400.8515625
24.975,400.8515625
24.975,400.8515625
25.225,400.8515625
24.975,401.109375
24.975,401.109375
24.975,401.109375
24.975,401.109375
25.0,401.3671875
24.975,401.3671875
25.25,401.3671875
24.975,401.3671875
24.725,401.625
25.225,401.625
24.975,401.625
24.975,401.625
24.975,401.8828125
24.975,401.8828125
24.975,401.8828125
25.225,401.8828125
24.975,402.140625
24.975,402.140625
24.975,402.140625
24.975,402.140625
25.0,402.3984375
24.975,402.3984375
24.975,402.3984375
24.975,402.65625
24.975,402.65625
25.225,402.65625
24.975,402.65625
24.975,402.9140625
24.975,402.9140625
24.975,402.9140625
24.975,402.9140625
24.975,403.171875
24.975,403.171875
24.975,403.171875
25.225,403.171875
24.975,403.4296875
24.975,403.4296875
24.975,403.4296875
24.975,403.4296875
24.975,403.6875
25.225,403.6875
24.975,403.6875
24.975,403.6875
25.0,403.9453125
25.225,403.9453125
24.975,403.9453125
24.975,404.203125
25.0,404.203125
24.975,404.203125
24.975,404.203125
24.975,404.4609375
24.975,404.4609375
24.975,404.4609375
25.225,404.4609375
24.975,404.71875
25.0,404.71875
24.975,404.71875
25.0,404.71875
24.975,404.9765625
25.0,404.9765625
24.975,404.9765625
25.0,404.9765625
24.975,405.234375
24.975,405.234375
25.225,405.234375
25.0,405.234375
24.975,405.4921875
24.725,405.4921875
24.975,405.4921875
24.975,405.4921875
24.975,405.75
24.975,405.75
24.975,405.75
24.975,405.75
24.975,406.0078125
24.975,406.0078125
24.975,406.0078125
24.975,406.265625
24.975,406.265625
25.225,406.78125
24.975,406.78125
24.975,406.78125
24.975,406.78125
24.975,406.78125
24.975,406.78125
24.975,406.78125
24.975,406.78125
24.975,406.78125
24.975,407.0390625
24.975,407.0390625
24.975,407.0390625
25.0,407.0390625
25.225,407.296875
24.975,407.296875
24.975,407.296875
25.0,407.296875
24.975,407.5546875
24.975,407.5546875
25.225,407.5546875
24.725,407.5546875
24.975,407.8125
25.225,407.8125
24.975,407.8125
24.975,407.8125
24.975,408.0703125
24.975,408.0703125
24.975,408.0703125
24.975,408.328125
24.975,408.328125
25.225,408.328125
24.975,408.328125
24.975,408.5859375
24.975,408.5859375
24.975,408.5859375
24.975,408.5859375
24.975,408.84375
25.225,408.84375
24.975,408.84375
24.975,408.84375
24.975,409.1015625
24.975,409.1015625
24.975,409.1015625
24.975,409.1015625
24.975,409.359375
24.975,409.359375
25.225,409.359375
24.975,409.359375
24.975,409.6171875
24.975,409.6171875
25.25,409.6171875
24.975,409.875
24.975,409.875
24.975,409.875
24.975,409.875
24.975,410.1328125
24.975,410.1328125
24.975,410.1328125
24.975,410.1328125
25.225,410.390625
24.975,410.390625
24.975,410.390625
24.975,410.6484375
24.975,410.6484375
24.975,410.6484375
25.225,410.90625
24.975,410.90625
24.975,410.90625
24.975,410.90625
24.975,411.1640625
24.975,411.1640625
24.975,411.1640625
24.975,411.1640625
24.975,411.421875
25.225,411.421875
24.725,411.421875
24.975,411.6796875
25.225,411.6796875
24.725,411.6796875
25.225,411.6796875
24.975,411.9375
24.975,411.9375
25.0,411.9375
24.975,411.9375
25.25,412.1953125
24.975,412.1953125
24.975,412.1953125
24.975,412.1953125
24.975,412.453125
24.975,412.453125
25.0,412.453125
24.975,412.453125
24.975,412.7109375
24.975,412.7109375
24.975,412.7109375
25.225,412.7109375
24.975,412.96875
24.975,412.96875
24.975,412.96875
25.0,412.96875
24.975,413.2265625
24.975,413.2265625
25.0,413.2265625
24.975,413.2265625
25.225,413.484375
24.975,413.484375
24.975,413.484375
24.975,413.7421875
24.975,413.7421875
24.975,413.7421875
24.975,414.0
25.225,414.0
24.725,414.0
24.975,414.0
24.975,414.2578125
24.975,414.2578125
24.975,414.2578125
25.225,414.515625
24.975,414.515625
24.975,414.515625
24.975,414.515625
25.0,414.7734375
24.975,414.7734375
24.975,414.7734375
24.975,414.7734375
24.975,415.03125
24.975,415.03125
25.25,415.03125
24.975,415.03125
24.975,415.2890625
24.975,415.2890625
24.975,415.2890625
24.975,415.2890625
24.975,415.546875
24.975,415.546875
24.975,415.546875
25.225,415.546875
24.975,415.8046875
24.975,415.8046875
24.975,415.8046875
24.975,415.8046875
24.975,416.0625
25.225,416.0625
24.975,416.0625
25.0,416.3203125
24.975,416.3203125
24.975,416.3203125
24.975,416.3203125
24.975,416.578125
24.975,416.578125
24.975,416.578125
24.975,416.8359375
24.975,416.8359375
24.975,416.8359375
24.975,417.09375
24.975,417.09375
24.975,417.09375
24.975,417.09375
24.975,417.09375
24.975,417.3515625
25.225,417.3515625
24.975,417.3515625
24.975,417.609375
24.975,417.609375
24.975,417.609375
24.975,417.609375
24.975,417.8671875
25.25,417.8671875
24.975,417.8671875
24.975,417.8671875
24.975,418.125
24.975,418.125
25.0,418.125
24.975,418.3828125
24.975,418.3828125
24.975,418.3828125
25.225,418.3828125
24.975,418.640625
24.975,418.640625
24.975,418.640625
25.0,418.8984375
24.975,418.8984375
25.0,418.8984375
24.975,418.8984375
24.975,419.15625
24.975,419.15625
25.225,419.15625
24.975,419.15625
24.975,419.4140625
24.975,419.4140625
24.975,419.4140625
25.0,419.4140625
24.975,419.671875
25.225,419.671875
24.975,419.671875
24.975,419.9296875
25.225,419.9296875
24.975,419.9296875
24.975,419.9296875
24.975,419.9296875
24.975,420.1875
24.975,420.1875
24.975,420.1875
24.975,420.1875
24.975,420.4453125
24.975,420.4453125
25.225,420.4453125
24.975,420.703125
24.975,420.703125
24.975,420.703125
24.975,420.703125
24.975,420.9609375
24.975,420.9609375
24.975,420.9609375
24.975,420.9609375
25.225,421.21875
24.975,421.21875
24.975,421.21875
24.975,421.21875
24.975,421.4765625
24.975,421.4765625
25.225,421.4765625
24.975,421.4765625
24.975,421.734375
24.975,421.734375
24.975,421.734375
24.975,421.734375
24.975,421.9921875
24.975,421.9921875
24.975,421.9921875
24.975,421.9921875
24.975,422.25
24.975,422.25
25.225,422.25
24.975,422.25
24.975,422.5078125
24.975,422.5078125
24.975,422.5078125
24.975,422.5078125
24.975,422.765625
24.975,422.765625
24.975,422.765625
24.975,423.0234375
25.225,423.0234375
24.975,423.0234375
24.975,423.0234375
24.975,423.28125
24.975,423.28125
25.225,423.28125
24.975,423.28125
24.975,423.5390625
24.975,423.5390625
24.975,423.5390625
24.975,423.796875
24.975,423.796875
